iri,url,nazev_cs,vytvoreno,aktualizovano,vyveseni,relevantni_do,cislo_jednaci,spisova_znacka,agenda_names,document_urls
https://www.horsovskytyn.cz/ofn/úřední-deska/ofn620255f1af440/5633,https://www.horsovskytyn.cz/urad/uredni-deska/oznameni-o-zameru-mesta-prodat-nemovity-majetek-pozemky-v-obytne-zone-lidicka-horsovsky-tyn-vi-etapa-5633.html,"Oznámení o záměru města prodat nemovitý majetek - pozemky v Obytné zóně Lidická, Horšovský Týn - VI. etapa",2025-05-07T00:00:00+02:00,2025-05-07T00:00:00+02:00,2025-05-07,nespecifikovaný,MUHT 11829/2025,,Dokumenty z Odboru majetku a investic města,https://www.horsovskytyn.cz/e_download.php?file=data%2Furedni_deska%2Fobsah5380_1.pdf&original=%C3%9AD%20-%20z%C3%A1m%C4%9Br%20m%C4%9Bsta-prodej%20pozemk%C5%AF%20H.%20T%C3%BDn%20OZ%20Lidick%C3%A1%20%28%C5%BDitn%C3%A1%29-4%281822797692%29.pdf; https://www.horsovskytyn.cz/e_download.php?file=data%2Furedni_deska%2Fobsah5380_2.pdf&original=Situace%20s%20um%C3%ADst%C4%9Bn%C3%ADm%20pozemk%C5%AF%20-OZ%20Lidick%C3%A1%20VI.%20etapa_prodej%20pozemk%C5%AF%282158679384%29.pdf; https://www.horsovskytyn.cz/e_download.php?file=data%2Furedni_deska%2Fobsah5380_3.pdf&original=4_C_3_Koordina%C4%8Dn%C3%AD_situa%C4%8Dn%C3%AD_v%C3%BDkres.pdf%282570236967%29.pdf; https://www.horsovskytyn.cz/e_download.php?file=data%2Furedni_deska%2Fobsah5380_4.pdf&original=2022-13909-stavebn%C3%AD%20povolen%C3%AD%282873424672%29.pdf; https://www.horsovskytyn.cz/e_download.php?file=data%2Furedni_deska%2Fobsah5380_1.odt&original=P%C5%99%C3%ADloha%201%20-%20Vzor%20-%20%C5%BD%C3%A1dost%20o%20odkoupen%C3%AD%20pozemku%20obecn%C4%9B%283176521539%29.odt; https://www.horsovskytyn.cz/e_download.php?file=data%2Furedni_deska%2Fobsah5380_5.pdf&original=P%C5%99%C3%ADloha%201%20-%20Vzor%20-%20%C5%BD%C3%A1dost%20o%20odkoupen%C3%AD%20pozemku%20obecn%C4%9B%280647169114%29.pdf; https://www.horsovskytyn.cz/e_download.php?file=data%2Furedni_deska%2Fobsah5380_2.odt&original=P%C5%99%C3%ADloha%202%20-%20Vzor%20-%20%C4%8Cestn%C3%A9%20prohl%C3%A1%C5%A1en%C3%AD%20-%20bezdlu%C5%BEnost%280803884629%29.odt; https://www.horsovskytyn.cz/e_download.php?file=data%2Furedni_deska%2Fobsah5380_6.pdf&original=P%C5%99%C3%ADloha%202%20-%20Vzor%20-%20%C4%8Cestn%C3%A9%20prohl%C3%A1%C5%A1en%C3%AD%20-%20bezdlu%C5%BEnost%281042045131%29.pdf
https://www.horsovskytyn.cz/ofn/úřední-deska/ofn620255f1af440/4623,https://www.horsovskytyn.cz/urad/uredni-deska/oznameni-osobam-s-trvalym-pobytem-na-uredni-adrese-o-ulozeni-doporucenych-zasilek-4623.html,Oznámení osobám s trvalým pobytem na úřední adrese o uložení doporučených zásilek,2022-12-28T00:00:00+01:00,2024-02-23T00:00:00+01:00,2025-05-06,nespecifikovaný,,,Dokumenty z Odboru kanceláře starosty a vnitřních věcí,https://www.horsovskytyn.cz/e_download.php?file=data%2Furedni_deska%2Fobsah4414_1.pdf&original=doporu%C4%8D.po%C5%A1ta%20trval%C3%BD%20pobyt%20z%C3%A1pis.pdf
https://www.horsovskytyn.cz/ofn/úřední-deska/ofn620255f1af440/5632,https://www.horsovskytyn.cz/urad/uredni-deska/zavazne-stanovisko-odstraneni-objektu-na-p-c-1215-1-v-k-u-horsovsky-tyn-lazce-5632.html,"Závazné stanovisko - Odstranění objektu na p. č. 1215/1 v k. ú. Horšovský Týn, Lazce",2025-05-06T00:00:00+02:00,2025-05-06T00:00:00+02:00,2025-05-06,2025-05-21,MUHT 9766/2025,OŽPŽÚ 9765/2025 ŽP,Dokumenty z oddělení životní prostředí,https://www.horsovskytyn.cz/e_download.php?file=data%2Furedni_deska%2Fobsah5379_1.pdf&original=059_2025%20Lazce%20odstran%C4%9Bn%C3%AD%20objektu%282828095444%29.pdf
https://www.horsovskytyn.cz/ofn/úřední-deska/ofn620255f1af440/5630,https://www.horsovskytyn.cz/urad/uredni-deska/doruceni-verejnou-vyhlaskou-neznamym-dedicum-po-zemrele-marii-krepelove-5630.html,Doručení veřejnou vyhláškou - neznámým dědicům po zemřelé Marii Křepelové,2025-05-05T00:00:00+02:00,2025-05-05T00:00:00+02:00,2025-05-05,2025-05-20,MUHT 10811/2025,,Dokumenty z odboru Obecní stavební úřad,https://www.horsovskytyn.cz/e_download.php?file=data%2Furedni_deska%2Fobsah5377_1.pdf&original=2025-6970_001.pdf
https://www.horsovskytyn.cz/ofn/úřední-deska/ofn620255f1af440/5624,https://www.horsovskytyn.cz/urad/uredni-deska/fu-pro-plzensky-kraj-verejna-vyhlaska-dan-z-nemovitych-veci-na-rok-2025-5624.html,FÚ pro Plzeňský kraj - Veřejná vyhláška - Daň z nemovitých věcí na rok 2025,2025-04-28T00:00:00+02:00,2025-04-28T00:00:00+02:00,2025-04-30,2025-05-30,MUHT 10794/2025,,Dokumenty cizí,https://www.horsovskytyn.cz/e_download.php?file=data%2Furedni_deska%2Fobsah5371_1.pdf&original=00401159_dne_0515_2500789238_001.pdf
https://www.horsovskytyn.cz/ofn/úřední-deska/ofn620255f1af440/5627,https://www.horsovskytyn.cz/urad/uredni-deska/oznameni-o-zameru-mesta-prenechat-do-pachtu-spoluvlastnikum-sousedniho-pozemku-cast-p-p-c-651-2-k-u-horni-metelsko-5627.html,"Oznámení o záměru města přenechat do pachtu spoluvlastníkům sousedního pozemku - část p. p. č. 651/2, k. ú. Horní Metelsko",2025-04-29T00:00:00+02:00,2025-04-29T00:00:00+02:00,2025-04-29,2025-05-14,MUHT 11017/2025,,Dokumenty z Odboru majetku a investic města,https://www.horsovskytyn.cz/e_download.php?file=data%2Furedni_deska%2Fobsah5374_1.pdf&original=Ozn%C3%A1men%C3%AD%20o%20z%C3%A1m%C4%9Bru%20m%C4%9Bsta%20propachtovat%20nemov.%20majetek%20v%20k.%C3%BA.%20Horn%C3%AD%20Metelsko%2C%20%C4%8D%C3%A1st%20p.%C4%8D.%20651_2%283695399943%29.pdf
https://www.horsovskytyn.cz/ofn/úřední-deska/ofn620255f1af440/5628,https://www.horsovskytyn.cz/urad/uredni-deska/oznameni-o-zameru-mesta-rozsirit-v-souladu-s-cl-ii-bod-ii4-pachtovni-smlouvy-predmet-pachtu-o-inzenyrske-site-5628.html,Oznámení o záměru města rozšířít v souladu s čl. II bod II.4. pachtovní smlouvy předmět pachtu o inženýrské sítě,2025-04-29T00:00:00+02:00,2025-04-29T00:00:00+02:00,2025-04-29,2025-05-14,MUHT 11038/2025,,Dokumenty z Odboru majetku a investic města,https://www.horsovskytyn.cz/e_download.php?file=data%2Furedni_deska%2Fobsah5375_1.pdf&original=Ozn%C3%A1men%C3%AD%20o%20z%C3%A1m%C4%9Bru%20m%C4%9Bsta%20propachtovat%20nemov.%20majetek%20v%20k.%C3%BA.%20H.%20T%C3%BDn%2C%20vodovod%20a%20spla%C5%A1kov%C3%A1%20kanalizace%281944463738%29.pdf
https://www.horsovskytyn.cz/ofn/úřední-deska/ofn620255f1af440/5621,https://www.horsovskytyn.cz/urad/uredni-deska/rozhodnuti-povoleni-zameru-stankov-do-pc1089-9-knn-5621.html,"Rozhodnutí - povolení záměru - Staňkov, DO, p.č.1089/9 - kNN",2025-04-28T00:00:00+02:00,2025-04-28T00:00:00+02:00,2025-04-28,2025-05-13,MUHT  7117/2025,,Dokumenty z odboru Obecní stavební úřad,https://www.horsovskytyn.cz/e_download.php?file=data%2Furedni_deska%2Fobsah5368_1.pdf&original=2025-1687_001.pdf
https://www.horsovskytyn.cz/ofn/úřední-deska/ofn620255f1af440/5622,https://www.horsovskytyn.cz/urad/uredni-deska/verejna-vyhlaska-oop-prechodnou-upravu-provozu-srby-meclov-5622.html,"Veřejná vyhláška - OOP - přechodnou úpravu provozu - Srby, Meclov",2025-04-28T00:00:00+02:00,2025-04-28T00:00:00+02:00,2025-04-28,2025-05-13,MUHT 10726/2025,,Dokumenty z Odboru dopravy a silničního hospodářství,https://www.horsovskytyn.cz/e_download.php?file=data%2Furedni_deska%2Fobsah5369_1.pdf&original=8912-25%20OOP%20st.%20p%C5%99ech.%20%C3%BApr.%20prov.%20na%20obj.%20trase%20-%20CHVAK_001.pdf; https://www.horsovskytyn.cz/e_download.php?file=data%2Furedni_deska%2Fobsah5369_2.pdf&original=8912-25%20p%C5%99%C3%ADloha%20OOP.pdf
https://www.horsovskytyn.cz/ofn/úřední-deska/ofn620255f1af440/5623,https://www.horsovskytyn.cz/urad/uredni-deska/informace-o-konani-19-zasedani-zm-5623.html,Informace o konání 19. zasedání ZM,2025-04-28T00:00:00+02:00,2025-04-28T00:00:00+02:00,2025-04-28,2025-05-13,MUHT 10880/2025,,"Informace o místě, době a programu zasedání Zastupitelstva města Horšovský Týn",https://www.horsovskytyn.cz/e_download.php?file=data%2Furedni_deska%2Fobsah5370_1.pdf&original=Informace%20o%20kon%C3%A1n%C3%AD%20ZM%20%C4%8D.%2019_2025_001.pdf
https://www.horsovskytyn.cz/ofn/úřední-deska/ofn620255f1af440/5625,https://www.horsovskytyn.cz/urad/uredni-deska/mf-cr-oznameni-o-vyhlaseni-verejne-souteze-ku-podraznice-5625.html,MF ČR - Oznámení o vyhlášení veřejné soutěže - k.ú. Podražnice,2025-04-28T00:00:00+02:00,2025-04-28T00:00:00+02:00,2025-04-28,2025-06-20,MUHT  9848/2025,,Dokumenty cizí,https://www.horsovskytyn.cz/e_download.php?file=data%2Furedni_deska%2Fobsah5372_1.pdf&original=Ozn%C3%A1men%C3%AD_o_vyhl%C3%A1%C5%A1en%C3%AD_ve%C5%99ejn%C3%A9_sout%C4%9B%C5%BEe_VS_87010_2001_001.pdf
https://www.horsovskytyn.cz/ofn/úřední-deska/ofn620255f1af440/5626,https://www.horsovskytyn.cz/urad/uredni-deska/oznameni-o-zameru-mesta-pronajmout-byt-c-1-5-kvetna-25-h-tyn-5626.html,"Oznámení o záměru města - pronajmout byt č. 1, 5. května 25, H. Týn",2025-04-28T00:00:00+02:00,2025-04-28T00:00:00+02:00,2025-04-28,2025-05-13,MUHT 10659/2025,,Pronájmy bytů a nebytových prostor,https://www.horsovskytyn.cz/e_download.php?file=data%2Furedni_deska%2Fobsah5373_1.pdf&original=5_kve_tna_25_byt_c_1_001.pdf
https://www.horsovskytyn.cz/ofn/úřední-deska/ofn620255f1af440/5618,https://www.horsovskytyn.cz/urad/uredni-deska/zavazne-stanovisko-pristavba-domaci-dilny-k-rd-cp-68-osvracin-5618.html,"Závazné stanovisko - Přístavba domácí dílny k RD čp. 68, Osvračín",2025-04-24T00:00:00+02:00,2025-04-24T00:00:00+02:00,2025-04-24,2025-05-09,MUHT 8735/2025,OŽPŽÚ 8734/2025 ŽP,Dokumenty z oddělení životní prostředí,https://www.horsovskytyn.cz/e_download.php?file=data%2Furedni_deska%2Fobsah5365_1.pdf&original=051_2025%20Osvra%C4%8D%C3%ADn%20d%C3%ADlna%20k%20RD%2068%280696739884%29.pdf
https://www.horsovskytyn.cz/ofn/úřední-deska/ofn620255f1af440/5617,https://www.horsovskytyn.cz/urad/uredni-deska/rozhodnuti-o-zameru-fttxcpripolozstdom6stankov-trnkook-v-meste-stankov-5617.html,Rozhodnutí o záměru - FTTX_Č_PŘÍPOLOŽ_STDOM6_Staňkov Trnko_OK v městě Staňkov,2025-04-23T00:00:00+02:00,2025-04-23T00:00:00+02:00,2025-04-23,2025-05-08,MUHT 10180/2025,,Dokumenty z odboru Obecní stavební úřad,https://www.horsovskytyn.cz/e_download.php?file=data%2Furedni_deska%2Fobsah5364_1.pdf&original=2025-1623_001.pdf
https://www.horsovskytyn.cz/ofn/úřední-deska/ofn620255f1af440/5611,https://www.horsovskytyn.cz/urad/uredni-deska/verejna-vyhlaska-oznameni-o-sloucenem-spolecnem-jednani-a-verejnem-projednani-navrhu-zmeny-c-7-uzemniho-planu-horsovsky-tyn-5611.html,Veřejná vyhláška - Oznámení o sloučeném společném jednání a veřejném projednání návrhu Změny č. 7 územního plánu Horšovský Týn,2025-04-17T00:00:00+02:00,2025-04-17T00:00:00+02:00,2025-04-17,2025-05-22,MUHT 10194/2025,OVÚP/10154/2023/Ha,Dokumenty z odboru Obecní stavební úřad,https://www.horsovskytyn.cz/e_download.php?file=data%2Furedni_deska%2Fobsah5357_1.pdf&original=2023-10154%283662326892%29.pdf; https://www.horsovskytyn.cz/e_download.php?file=data%2Furedni_deska%2Fobsah5357_2.pdf&original=05_Z7%20UP%20HT_SJ%2BVT_Vodni%20hospodarstvi_2025-04-06_EAR%281166670914%29.pdf; https://www.horsovskytyn.cz/e_download.php?file=data%2Furedni_deska%2Fobsah5357_3.pdf&original=06_Z7%20UP%20HT_SJ%2BVT_Energetika%20a%20spoje_2025-04-06_EAR%282564189876%29.pdf; https://www.horsovskytyn.cz/e_download.php?file=data%2Furedni_deska%2Fobsah5357_4.pdf&original=07_Z7%20UP%20HT_SJ%2BVT_Koordinacni%20vykres_2025-04-06_EAR%281580832852%29.pdf; https://www.horsovskytyn.cz/e_download.php?file=data%2Furedni_deska%2Fobsah5357_5.pdf&original=Z7%20UP%20HT_SJ%2BVP_text%20oduvodneni_2025-04-13_EAR%281827150411%29.pdf; https://www.horsovskytyn.cz/e_download.php?file=data%2Furedni_deska%2Fobsah5357_6.pdf&original=Z7%20UP%20HT_SJ%2BVT_text_2025-04-13_vc%20priloh_EAR%282277843698%29.pdf; https://www.horsovskytyn.cz/e_download.php?file=data%2Furedni_deska%2Fobsah5357_7.pdf&original=01_Z7%20UP%20HT_SJ%2BVT_Vykres%20zakladniho%20cleneni%20uzemi_2025-04-06_EAR%282590300457%29.pdf; https://www.horsovskytyn.cz/e_download.php?file=data%2Furedni_deska%2Fobsah5357_8.pdf&original=02_Z7%20UP%20HT_SJ%2BVT_Hlavni%20vykres_2025-04-06_EAR%282942432209%29.pdf; https://www.horsovskytyn.cz/e_download.php?file=data%2Furedni_deska%2Fobsah5357_9.pdf&original=03_Z7%20UP%20HT_SJ%2BVT_Vykres%20verejne%20prospesnych%20staveb%20opatreni%20a%20asanaci_2025-04-06_EAR%283202639647%29.pdf; https://www.horsovskytyn.cz/e_download.php?file=data%2Furedni_deska%2Fobsah5357_10.pdf&original=04_Z7%20UP%20HT_SJ%2BVT_Dopravni%20reseni_2025-04-06_EAR%283450866925%29.pdf
https://www.horsovskytyn.cz/ofn/úřední-deska/ofn620255f1af440/5608,https://www.horsovskytyn.cz/urad/uredni-deska/verejna-vyhlaska-oznameni-o-sloucenem-spolecnem-jednani-a-verejnem-projednani-navrhu-zmeny-c-1-uzemniho-planu-semnevice-5608.html,Veřejná vyhláška - Oznámení o sloučeném společném jednání a veřejném projednání návrhu Změny č. 1 územního plánu Semněvice,2025-04-16T00:00:00+02:00,2025-04-16T00:00:00+02:00,2025-04-16,2025-05-20,MUHT 10098/2025,,Dokumenty z odboru Obecní stavební úřad,https://www.horsovskytyn.cz/e_download.php?file=data%2Furedni_deska%2Fobsah5356_1.pdf&original=2023-13761_001.pdf; https://www.horsovskytyn.cz/e_download.php?file=data%2Furedni_deska%2Fobsah5356_2.pdf&original=554201_05_ZPF.pdf; https://www.horsovskytyn.cz/e_download.php?file=data%2Furedni_deska%2Fobsah5356_3.pdf&original=554201_04_KOV.pdf; https://www.horsovskytyn.cz/e_download.php?file=data%2Furedni_deska%2Fobsah5356_4.pdf&original=554201_03_VPS.pdf; https://www.horsovskytyn.cz/e_download.php?file=data%2Furedni_deska%2Fobsah5356_5.pdf&original=554201_02_HLV.pdf; https://www.horsovskytyn.cz/e_download.php?file=data%2Furedni_deska%2Fobsah5356_6.pdf&original=554201_01_ZCU.pdf; https://www.horsovskytyn.cz/e_download.php?file=data%2Furedni_deska%2Fobsah5356_7.pdf&original=N%C3%A1vrh%20Z1%20Semn%C4%9Bvice%20text.pdf
https://www.horsovskytyn.cz/ofn/úřední-deska/ofn620255f1af440/5596,https://www.horsovskytyn.cz/urad/uredni-deska/financni-urad-pro-pk-verejna-vyhlaska-hromadny-predpisny-seznam-5596.html,Finanční úřad pro PK - Veřejná vyhláška - Hromadný předpisný seznam,2025-04-11T00:00:00+02:00,2025-04-11T00:00:00+02:00,2025-04-14,2025-05-14,MUHT  9585/2025,,Dokumenty cizí,https://www.horsovskytyn.cz/e_download.php?file=data%2Furedni_deska%2Fobsah5344_1.pdf&original=00401159_dne_0515_2500656542_001.pdf
https://www.horsovskytyn.cz/ofn/úřední-deska/ofn620255f1af440/5606,https://www.horsovskytyn.cz/urad/uredni-deska/exekutorsky-urad-strakonice-drazebni-vyhlaska-nemovitych-veci-p-p-c-902-1-v-k-u-horsovsky-tyn-5606.html,Exekutorský úřad Strakonice - Dražební vyhláška nemovitých věcí - p. p. č. 902/1 v k. ú. Horšovský Týn,2025-04-14T00:00:00+02:00,2025-04-14T00:00:00+02:00,2025-04-14,2025-05-20,MUHT 9706/2025,,Dokumenty cizí,https://www.horsovskytyn.cz/e_download.php?file=data%2Furedni_deska%2Fobsah5354_1.pdf&original=4%284106496091%29.pdf
https://www.horsovskytyn.cz/ofn/úřední-deska/ofn620255f1af440/5573,https://www.horsovskytyn.cz/urad/uredni-deska/verejna-vyhlaska-oznameni-verejneho-projednani-navrhu-zmeny-c-2-uzemniho-planu-cermna-5573.html,Veřejná vyhláška - Oznámení veřejného projednání návrhu Změny č. 2 územního plánu Čermná,2025-04-03T00:00:00+02:00,2025-04-03T00:00:00+02:00,2025-04-03,2025-05-23,MUHT  8524/2025,,Dokumenty z odboru Obecní stavební úřad,https://www.horsovskytyn.cz/e_download.php?file=data%2Furedni_deska%2Fobsah5321_1.pdf&original=2024-27764_001.pdf; https://www.horsovskytyn.cz/e_download.php?file=data%2Furedni_deska%2Fobsah5321_2.pdf&original=553514_01_ZCU.pdf; https://www.horsovskytyn.cz/e_download.php?file=data%2Furedni_deska%2Fobsah5321_3.pdf&original=553514_02_HLV.pdf; https://www.horsovskytyn.cz/e_download.php?file=data%2Furedni_deska%2Fobsah5321_4.pdf&original=553514_03_VPS.pdf; https://www.horsovskytyn.cz/e_download.php?file=data%2Furedni_deska%2Fobsah5321_5.pdf&original=553514_04_KOV.pdf; https://www.horsovskytyn.cz/e_download.php?file=data%2Furedni_deska%2Fobsah5321_6.pdf&original=553514_05_ZPF.pdf; https://www.horsovskytyn.cz/e_download.php?file=data%2Furedni_deska%2Fobsah5321_7.pdf&original=N%C3%A1vrh%20Z2%20%C4%8Cermn%C3%A1%20text.pdf
https://www.horsovskytyn.cz/ofn/úřední-deska/ofn620255f1af440/5548,https://www.horsovskytyn.cz/urad/uredni-deska/oznameni-o-zameru-mesta-prodat-nemovity-majetek-vyberove-rizeni-na-prodej-pozemku-urcenych-pro-vystavbu-bytoveho-domu-v-k-u-horsovsky-tyn-5548.html,Oznámení o záměru města prodat nemovitý majetek - výběrové řízení na prodej pozemků určených pro výstavbu bytového domu v k. ú. Horšovský Týn,2025-03-27T00:00:00+01:00,2025-03-27T00:00:00+01:00,2025-03-27,2025-05-31,MUHT 7972/2025,,Dokumenty z Odboru majetku a investic města,https://www.horsovskytyn.cz/e_download.php?file=data%2Furedni_deska%2Fobsah5298_1.pdf&original=Ozn%C3%A1men%C3%AD%20o%20z%C3%A1m%C4%9Bru%20m%C4%9Bsta%20prodat%20pozemky%20pro%20bytov%C3%BD%20d%C5%AFm%2C%20k.%20%C3%BA.%20H.%20T%C3%BDn%284012922356%29.pdf; https://www.horsovskytyn.cz/e_download.php?file=data%2Furedni_deska%2Fobsah5298_2.pdf&original=M%C4%9Bsto%20Hor%C5%A1ovsk%C3%BD%20T%C3%BDn_smlouva%20budouc%C3%AD%20kupn%C3%AD%283425964134%29.pdf; https://www.horsovskytyn.cz/e_download.php?file=data%2Furedni_deska%2Fobsah5298_1.odt&original=P%C5%99%C3%ADloha%20%C4%8D.%201%20-%20Vzor%20-%20%C4%8Cestn%C3%A9%20prohl%C3%A1%C5%A1en%C3%AD%20-%20bezdlu%C5%BEnost%283184091831%29.odt; https://www.horsovskytyn.cz/e_download.php?file=data%2Furedni_deska%2Fobsah5298_3.pdf&original=P%C5%99%C3%ADloha%20%C4%8D.%201%20-%20Vzor%20-%20%C4%8Cestn%C3%A9%20prohl%C3%A1%C5%A1en%C3%AD%20-%20bezdlu%C5%BEnost%283018452082%29.pdf; https://www.horsovskytyn.cz/e_download.php?file=data%2Furedni_deska%2Fobsah5298_2.odt&original=P%C5%99%C3%ADloha%20%C4%8D.%202%20-%20Vzor%20-%20Nab%C3%ADdka%20kupn%C3%AD%20ceny%282277342504%29.odt; https://www.horsovskytyn.cz/e_download.php?file=data%2Furedni_deska%2Fobsah5298_4.pdf&original=P%C5%99%C3%ADloha%20%C4%8D.%202%20-%20Vzor%20-%20Nab%C3%ADdka%20kupn%C3%AD%20ceny%282055059332%29.pdf; https://www.horsovskytyn.cz/e_download.php?file=data%2Furedni_deska%2Fobsah5298_5.pdf&original=Situace%20s%20um%C3%ADst%C4%9Bn%C3%ADm%20pozemk%C5%AF%281884669113%29.pdf
https://www.horsovskytyn.cz/ofn/úřední-deska/ofn620255f1af440/5507,https://www.horsovskytyn.cz/urad/uredni-deska/informace-o-vysledcich-kontrol-za-rok-2024-5507.html,Informace o výsledcích kontrol za rok 2024,2025-02-27T00:00:00+01:00,2025-02-27T00:00:00+01:00,2025-02-27,2026-02-28,MUHT 4831/2025,OSA 4793/2025 MATR,Dlouhodobě zveřejněné dokumenty,https://www.horsovskytyn.cz/e_download.php?file=data%2Furedni_deska%2Fobsah5256_1.pdf&original=Informace%20o%20v%C3%BDsledc%C3%ADch%20kontrol%20za%20rok%202024%280652904718%29.pdf
https://www.horsovskytyn.cz/ofn/úřední-deska/ofn620255f1af440/5508,https://www.horsovskytyn.cz/urad/uredni-deska/omexom-oznameni-o-provedeni-stavby-zrizeni-noveho-odberneho-mista-5508.html,Omexom - Oznámení o provedení stavby - zřízení nového odběrného místa,2025-02-27T00:00:00+01:00,2025-02-27T00:00:00+01:00,2025-02-27,2025-05-31,MUHT 5080/2025,,Dokumenty cizí,https://www.horsovskytyn.cz/e_download.php?file=data%2Furedni_deska%2Fobsah5257_1.pdf&original=priloha_1486449560_0_dopis_ozn%C3%A1men%C3%AD_zah%C3%A1jen%C3%AD_d%C3%ADla_a_vstup%C5%AF_na_pozemky_0006_1_0002%282240179365%29.pdf; https://www.horsovskytyn.cz/e_download.php?file=data%2Furedni_deska%2Fobsah5257_2.pdf&original=priloha_1486449560_0_dopis_ozn%C3%A1men%C3%AD_zah%C3%A1jen%C3%AD_d%C3%ADla_a_vstup%C5%AF_na_pozemky_0006_1_0003%282921671364%29.pdf
https://www.horsovskytyn.cz/ofn/úřední-deska/ofn620255f1af440/5500,https://www.horsovskytyn.cz/urad/uredni-deska/informace-o-vysledcich-kontrol-za-r-2024-5500.html,Informace o výsledcích kontrol za r. 2024,2025-02-25T00:00:00+01:00,2025-02-25T00:00:00+01:00,2025-02-25,2026-02-28,MUHT 4647/2025,,Dlouhodobě zveřejněné dokumenty,https://www.horsovskytyn.cz/e_download.php?file=data%2Furedni_deska%2Fobsah5249_1.pdf&original=V%C3%BDsledky%20kontrol%20r.%202024%280682181717%29.pdf
https://www.horsovskytyn.cz/ofn/úřední-deska/ofn620255f1af440/5592,https://www.horsovskytyn.cz/urad/uredni-deska/oznameni-o-provadeni-vyberoveho-setreni-csu-v-domacnostech-5592.html,Oznámení o provádění výběrového šetření ČSÚ v domácnostech,2025-04-10T00:00:00+02:00,2025-04-10T00:00:00+02:00,2025-01-31,2025-06-30,MUHT  2202/2025,,Dokumenty cizí,https://www.horsovskytyn.cz/e_download.php?file=data%2Furedni_deska%2Fobsah5340_1.pdf&original=Ozn%C3%A1men%C3%AD.pdf
https://www.horsovskytyn.cz/ofn/úřední-deska/ofn620255f1af440/5447,https://www.horsovskytyn.cz/urad/uredni-deska/oznameni-o-zameru-mesta-pronajmout-nebytovy-prostor-na-dobu-neurcitou-ordinace-lekare-b-nemcove-34-horsovsky-tyn-5447.html,"Oznámení o záměru města pronajmout nebytový prostor na dobu neurčitou - ordinace lékaře, B. Němcové 34, Horšovský Týn",2025-01-22T00:00:00+01:00,2025-01-22T00:00:00+01:00,2025-01-22,nespecifikovaný,MUHT 1813/2025,,Pronájmy bytů a nebytových prostor,https://www.horsovskytyn.cz/e_download.php?file=data%2Furedni_deska%2Fobsah5194_1.pdf&original=Ozna_meni_B_Ne_mcove_34.pdf
https://www.horsovskytyn.cz/ofn/úřední-deska/ofn620255f1af440/5448,https://www.horsovskytyn.cz/urad/uredni-deska/oznameni-o-zameru-mesta-pronajmout-nebytovy-prostor-na-dobu-neurcitou-ordinace-pro-praktickeho-lekare-dobrovskeho-254-horsovsky-tyn-5448.html,"Oznámení o záměru města pronajmout nebytový prostor na dobu neurčitou - ordinace pro praktického lékaře, Dobrovského 254, Horšovský Týn",2025-01-22T00:00:00+01:00,2025-01-22T00:00:00+01:00,2025-01-22,nespecifikovaný,MUHT 1814/2025,,Pronájmy bytů a nebytových prostor,https://www.horsovskytyn.cz/e_download.php?file=data%2Furedni_deska%2Fobsah5195_1.pdf&original=Ozna_meni_Dobrovske_ho_254_ordinace_prakticke_ho_le_kar_e.pdf
https://www.horsovskytyn.cz/ofn/úřední-deska/ofn620255f1af440/5449,https://www.horsovskytyn.cz/urad/uredni-deska/oznameni-o-zameru-mesta-pronajmout-nebytovy-prostor-na-dobu-neurcitou-nadrazni-73-horsovsky-tyn-5449.html,"Oznámení o záměru města pronajmout nebytový prostor na dobu neurčitou - Nádražní 73, Horšovský Týn",2025-01-22T00:00:00+01:00,2025-01-22T00:00:00+01:00,2025-01-22,nespecifikovaný,MUHT 1815/2025,,Pronájmy bytů a nebytových prostor,https://www.horsovskytyn.cz/e_download.php?file=data%2Furedni_deska%2Fobsah5196_1.pdf&original=Ozna_meni_Na_draz_ni_73_2_patro_po_Fair_Credit_.pdf
https://www.horsovskytyn.cz/ofn/úřední-deska/ofn620255f1af440/5422,https://www.horsovskytyn.cz/urad/uredni-deska/oznameni-o-zverejneni-rozpoctu-a-strednedobeho-vyhledu-rozpoctu-mesta-horsovsky-tyn-5422.html,Oznámení o zveřejnění rozpočtu a střednědobého výhledu rozpočtu města Horšovský Týn,2025-01-06T00:00:00+01:00,2025-01-06T00:00:00+01:00,2025-01-06,nespecifikovaný,MUHT 219/2025,,Dlouhodobě zveřejněné dokumenty,https://www.horsovskytyn.cz/e_download.php?file=data%2Furedni_deska%2Fobsah5168_1.pdf&original=rozpo%C4%8Det%202025%20-%20ozn%C3%A1men%C3%AD%20o%20zve%C5%99ejn%C4%9Bn%C3%AD.pdf
https://www.horsovskytyn.cz/ofn/úřední-deska/ofn620255f1af440/5425,https://www.horsovskytyn.cz/urad/uredni-deska/rozpocty-na-rok-2025-a-strednedobe-vyhledy-rozpoctu-2026-2027-prispevkovych-organizaci-mesta-5425.html,Rozpočty na rok 2025 a střednědobé výhledy rozpočtu 2026 - 2027 příspěvkových organizací města,2025-01-06T00:00:00+01:00,2025-01-06T00:00:00+01:00,2025-01-06,nespecifikovaný,MUHT 305/2025,,Dlouhodobě zveřejněné dokumenty,https://www.horsovskytyn.cz/e_download.php?file=data%2Furedni_deska%2Fobsah5171_1.pdf&original=CHD%20-%20Rozpo%C4%8Det%202025%20a%20v%C3%BDhled%20na%20roky%202026-2027.pdf; https://www.horsovskytyn.cz/e_download.php?file=data%2Furedni_deska%2Fobsah5171_2.pdf&original=Z%C5%A0%20-%20Rozpo%C4%8Det%202025%20a%20rozpo%C4%8Dtov%C3%BD%20v%C3%BDhled%202026-2027.pdf; https://www.horsovskytyn.cz/e_download.php?file=data%2Furedni_deska%2Fobsah5171_3.pdf&original=MKZ%20-%20Rozpo%C4%8Det%202025%20a%20rozpo%C4%8Dtov%C3%BD%20v%C3%BDhled%20na%20roky%202026-2027.pdf; https://www.horsovskytyn.cz/e_download.php?file=data%2Furedni_deska%2Fobsah5171_4.pdf&original=M%C5%A0%20-%20Rozpo%C4%8Det%202025%20a%20v%C3%BDhled%20na%20roky%202026-2027.pdf; https://www.horsovskytyn.cz/e_download.php?file=data%2Furedni_deska%2Fobsah5171_5.pdf&original=ZU%C5%A0%20-%20Rozpo%C4%8Det%202025%20a%20v%C3%BDhled%20na%20roky%202026-2027.pdf
https://www.horsovskytyn.cz/ofn/úřední-deska/ofn620255f1af440/5409,https://www.horsovskytyn.cz/urad/uredni-deska/vsod-rozpocet-svazku-na-rok-2025-5409.html,VSOD - Rozpočet svazku na rok 2025,2024-12-20T00:00:00+01:00,2024-12-20T00:00:00+01:00,2024-12-20,nespecifikovaný,MUHT 30955/2024,,Dlouhodobě zveřejněné dokumenty,https://www.horsovskytyn.cz/e_download.php?file=data%2Furedni_deska%2Fobsah5158_1.pdf&original=Rozpo%C4%8Det_VSOD_2025.pdf
https://www.horsovskytyn.cz/ofn/úřední-deska/ofn620255f1af440/5410,https://www.horsovskytyn.cz/urad/uredni-deska/vsod-strednedoby-vyhled-rozpoctu-svazku-na-obdobi-2026-2028-5410.html,VSOD - Střednědobý výhled rozpočtu svazku na období 2026 - 2028,2024-12-20T00:00:00+01:00,2024-12-20T00:00:00+01:00,2024-12-20,nespecifikovaný,MUHT 30955/2024,,Dlouhodobě zveřejněné dokumenty,https://www.horsovskytyn.cz/e_download.php?file=data%2Furedni_deska%2Fobsah5159_1.pdf&original=St%C5%99edn%C4%9Bdob%C3%BD_v%C3%BDhled_VSDO_2026_2028.pdf
https://www.horsovskytyn.cz/ofn/úřední-deska/ofn620255f1af440/5381,https://www.horsovskytyn.cz/urad/uredni-deska/svazek-domazlicko-schvaleny-rozpocet-2025-5381.html,Svazek Domažlicko - Schválený rozpočet 2025,2024-12-04T00:00:00+01:00,2024-12-04T00:00:00+01:00,2024-12-03,2025-12-31,,,Svazek Domažlicko - Rozpočty,https://www.horsovskytyn.cz/e_download.php?file=data%2Furedni_deska%2Fobsah5381_1.pdf&original=Schv%C3%A1len%C3%BD%20rozpo%C4%8Det%202025.pdf
https://www.horsovskytyn.cz/ofn/úřední-deska/ofn620255f1af440/5382,https://www.horsovskytyn.cz/urad/uredni-deska/svazek-domazlicko-schvaleny-strednedoby-vyhled-rozpoctu-2026-2027-5382.html,Svazek Domažlicko - Schválený střednědobý výhled rozpočtu 2026-2027,2024-12-04T00:00:00+01:00,2024-12-04T00:00:00+01:00,2024-12-03,2025-12-31,,,Svazek Domažlicko - Rozpočty,https://www.horsovskytyn.cz/e_download.php?file=data%2Furedni_deska%2Fobsah5382_1.pdf&original=Schv%C3%A1len%C3%BD%20St%C5%99edn%C4%9Bdob%C3%BD%20v%C3%BDhled%20rozpo%C4%8Dtu%202026-2027.pdf
https://www.horsovskytyn.cz/ofn/úřední-deska/ofn620255f1af440/5298,https://www.horsovskytyn.cz/urad/uredni-deska/oznameni-o-zameru-mesta-prodat-nemovity-majetek-pozemky-v-obytne-zone-u-potoka-horsovsky-tyn-5298.html,"Oznámení o záměru města prodat nemovitý majetek - pozemky v Obytné zóně U potoka, Horšovský Týn",2024-10-10T00:00:00+02:00,2024-10-10T00:00:00+02:00,2024-10-10,nespecifikovaný,MUHT 25700/2024,,Dokumenty z Odboru majetku a investic města,https://www.horsovskytyn.cz/e_download.php?file=data%2Furedni_deska%2Fobsah5054_1.pdf&original=%C3%9AD%20-%20ozn%C3%A1men%C3%AD%20o%20z%C3%A1m%C4%9Bru%20m%C4%9Bsta%20prodat%20pozemky%20v%20OZ%20U%20Potoka%281020511677%29.pdf; https://www.horsovskytyn.cz/e_download.php?file=data%2Furedni_deska%2Fobsah5054_1.odt&original=P%C5%99%C3%ADloha%20%C4%8D.%201%20-%20vzor%20-%20%C5%BE%C3%A1dost%20o%20odkoupen%C3%AD%20pozemku%20obecn%C4%9B%283962544039%29.odt; https://www.horsovskytyn.cz/e_download.php?file=data%2Furedni_deska%2Fobsah5054_2.pdf&original=P%C5%99%C3%ADloha%20%C4%8D.%201%20-%20vzor%20-%20%C5%BE%C3%A1dost%20o%20odkoupen%C3%AD%20pozemku%20obecn%C4%9B%284290106040%29.pdf; https://www.horsovskytyn.cz/e_download.php?file=data%2Furedni_deska%2Fobsah5054_2.odt&original=P%C5%99%C3%ADloha%20%C4%8D.%202%20-%20vzor%20-%20%C4%8Destn%C3%A9%20prohl%C3%A1%C5%A1en%C3%AD%20-%20bezdlu%C5%BEnost%280158844494%29.odt; https://www.horsovskytyn.cz/e_download.php?file=data%2Furedni_deska%2Fobsah5054_3.pdf&original=P%C5%99%C3%ADloha%20%C4%8D.%202%20-%20vzor%20-%20%C4%8Destn%C3%A9%20prohl%C3%A1%C5%A1en%C3%AD%20-%20bezdlu%C5%BEnost%280474935772%29.pdf; https://www.horsovskytyn.cz/e_download.php?file=data%2Furedni_deska%2Fobsah5054_4.pdf&original=situace%20s%20um%C3%ADst%C4%9Bn%C3%ADm%20pozemk%C5%AF_OZ%20U%20Potoka%280663115170%29.pdf; https://www.horsovskytyn.cz/e_download.php?file=data%2Furedni_deska%2Fobsah5054_5.pdf&original=stavebn%C3%AD%20povolen%C3%AD%280831252368%29.pdf
https://www.horsovskytyn.cz/ofn/úřední-deska/ofn620255f1af440/5224,https://www.horsovskytyn.cz/urad/uredni-deska/svazek-domazlicko-smlouva-o-poskytnuti-dotace-5224.html,Svazek Domažlicko - Smlouva o poskytnutí dotace,2024-07-31T00:00:00+02:00,2024-07-31T00:00:00+02:00,2024-07-31,2027-07-30,,,Svazek Domažlicko - Veřejnoprávní smlouvy,https://www.horsovskytyn.cz/e_download.php?file=data%2Furedni_deska%2Fobsah5224_1.pdf&original=smlouva%20dotace%20svazek%20obc%C3%AD%20Doma%C5%BElicko%202024.pdf
https://www.horsovskytyn.cz/ofn/úřední-deska/ofn620255f1af440/5209,https://www.horsovskytyn.cz/urad/uredni-deska/zaverecny-ucet-mesta-horsovsky-tyn-prispevkovych-organizaci-a-spolecnosti-zrizenych-mestem-za-rok-2023-5209.html,"Závěrečný účet Města Horšovský Týn, příspěvkových organizací a společností zřízených městem za rok 2023",2024-07-19T00:00:00+02:00,2024-07-19T00:00:00+02:00,2024-07-19,nespecifikovaný,,,Dlouhodobě zveřejněné dokumenty,https://www.horsovskytyn.cz/e_download.php?file=data%2Furedni_deska%2Fobsah4973_1.pdf&original=z%C3%A1v%C4%9Bre%C4%8Dn%C3%BD%20%C3%BA%C4%8Det%202023%280203638993%29.pdf; https://www.horsovskytyn.cz/e_download.php?file=data%2Furedni_deska%2Fobsah4973_2.pdf&original=rozbor%20hospoda%C5%99en%C3%AD%282071327477%29.pdf; https://www.horsovskytyn.cz/e_download.php?file=data%2Furedni_deska%2Fobsah4973_3.pdf&original=Zpr%C3%A1va%20o%20v%C3%BDsledku%20p%C5%99ezkoum%C3%A1n%C3%AD%20hospoda%C5%99en%C3%AD%202023%280688608855%29.pdf; https://www.horsovskytyn.cz/e_download.php?file=data%2Furedni_deska%2Fobsah4973_4.pdf&original=soci%C3%A1ln%C3%AD%20fond%281035744323%29.pdf; https://www.horsovskytyn.cz/e_download.php?file=data%2Furedni_deska%2Fobsah4973_5.pdf&original=vedlej%C5%A1%C3%AD%20hospod%C3%A1%C5%99sk%C3%A1%20%C4%8Dinnost%281884327308%29.pdf; https://www.horsovskytyn.cz/e_download.php?file=data%2Furedni_deska%2Fobsah4973_6.pdf&original=Chr%C3%A1n%C4%9Bn%C3%A1%20d%C3%ADlna%20-%20Rozvaha%282584178886%29.pdf; https://www.horsovskytyn.cz/e_download.php?file=data%2Furedni_deska%2Fobsah4973_7.pdf&original=Chr%C3%A1n%C4%9Bn%C3%A1%20d%C3%ADlna%20-%20V%C3%BDkaz%20zisku%20a%20ztr%C3%A1ty%282765447603%29.pdf; https://www.horsovskytyn.cz/e_download.php?file=data%2Furedni_deska%2Fobsah4973_8.pdf&original=Chr%C3%A1n%C4%9Bn%C3%A1%20d%C3%ADlna%20-%20P%C5%99%C3%ADloha%20k%20%C3%BA%C4%8Detn%C3%AD%20z%C3%A1v%C4%9Brce%282927123947%29.pdf; https://www.horsovskytyn.cz/e_download.php?file=data%2Furedni_deska%2Fobsah4973_9.pdf&original=Rozvaha_MKZ_12_2023%281814193944%29.pdf; https://www.horsovskytyn.cz/e_download.php?file=data%2Furedni_deska%2Fobsah4973_10.pdf&original=VZZ_MKZ_12_2023%282051937844%29.pdf; https://www.horsovskytyn.cz/e_download.php?file=data%2Furedni_deska%2Fobsah4973_11.pdf&original=P%C5%99%C3%ADloha_MLU_12_2023%282264540814%29.pdf; https://www.horsovskytyn.cz/e_download.php?file=data%2Furedni_deska%2Fobsah4973_12.pdf&original=Rozvaha_M%C5%A0_12_2023%280131920109%29.pdf; https://www.horsovskytyn.cz/e_download.php?file=data%2Furedni_deska%2Fobsah4973_13.pdf&original=VZZ_M%C5%A0_12_2023%280315908889%29.pdf; https://www.horsovskytyn.cz/e_download.php?file=data%2Furedni_deska%2Fobsah4973_14.pdf&original=P%C5%99%C3%ADloha_M%C5%A0_12_2023%280503594089%29.pdf; https://www.horsovskytyn.cz/e_download.php?file=data%2Furedni_deska%2Fobsah4973_15.pdf&original=Rozvaha_Z%C5%A0_12_2023%283290532916%29.pdf; https://www.horsovskytyn.cz/e_download.php?file=data%2Furedni_deska%2Fobsah4973_16.pdf&original=VZZ_Z%C5%A0_12_2023%282184839499%29.pdf; https://www.horsovskytyn.cz/e_download.php?file=data%2Furedni_deska%2Fobsah4973_17.pdf&original=P%C5%99%C3%ADloha_Z%C5%A0_12_2023%282374906040%29.pdf; https://www.horsovskytyn.cz/e_download.php?file=data%2Furedni_deska%2Fobsah4973_18.pdf&original=Rozvaha_ZU%C5%A0_12_2023%281087343098%29.pdf; https://www.horsovskytyn.cz/e_download.php?file=data%2Furedni_deska%2Fobsah4973_19.pdf&original=VZZ_ZU%C5%A0_12_2023%281334948456%29.pdf; https://www.horsovskytyn.cz/e_download.php?file=data%2Furedni_deska%2Fobsah4973_20.pdf&original=P%C5%99%C3%ADloha_ZU%C5%A0_12_2023%281533678863%29.pdf; https://www.horsovskytyn.cz/e_download.php?file=data%2Furedni_deska%2Fobsah4973_21.pdf&original=Bytes%20HT%20-%20Rozvaha%20%2B%20V%C3%BDkaz%20zisku%20a%20ztr%C3%A1ty%282979192263%29.pdf; https://www.horsovskytyn.cz/e_download.php?file=data%2Furedni_deska%2Fobsah4973_22.pdf&original=Bytes%20HT%20-%20P%C5%99%C3%ADloha%20k%20%C3%BA%C4%8Detn%C3%AD%20z%C3%A1v%C4%9Brce%283133328856%29.pdf; https://www.horsovskytyn.cz/e_download.php?file=data%2Furedni_deska%2Fobsah4973_23.pdf&original=Hor%C5%A1ovskot%C3%BDnsk%C3%A9%20lesy%20-%20Rozvaha%284134106356%29.pdf; https://www.horsovskytyn.cz/e_download.php?file=data%2Furedni_deska%2Fobsah4973_24.pdf&original=Hor%C5%A1ovskot%C3%BDnsk%C3%A9%20lesy%20-%20V%C3%BDkaz%20zisku%20a%20ztr%C3%A1ty%280032998718%29.pdf; https://www.horsovskytyn.cz/e_download.php?file=data%2Furedni_deska%2Fobsah4973_25.pdf&original=Hor%C5%A1ovskot%C3%BDnsk%C3%A9%20lesy%20-%20P%C5%99%C3%ADloha%20k%20%C3%BA%C4%8Detn%C3%AD%20z%C3%A1v%C4%9Brce%280221328014%29.pdf; https://www.horsovskytyn.cz/e_download.php?file=data%2Furedni_deska%2Fobsah4973_26.pdf&original=Bytov%C3%A9%20dru%C5%BEstvo%20-%20Rozvaha%281730716454%29.pdf; https://www.horsovskytyn.cz/e_download.php?file=data%2Furedni_deska%2Fobsah4973_27.pdf&original=Bytov%C3%A9%20dru%C5%BEstvo%20-%20V%C3%BDkaz%20zisku%20a%20ztr%C3%A1ty%281924306274%29.pdf; https://www.horsovskytyn.cz/e_download.php?file=data%2Furedni_deska%2Fobsah4973_28.pdf&original=Bytov%C3%A9%20dru%C5%BEstvo%20-%20P%C5%99%C3%ADloha%20k%20%C3%BA%C4%8Detn%C3%AD%20z%C3%A1v%C4%9Brce%282075901874%29.pdf
https://www.horsovskytyn.cz/ofn/úřední-deska/ofn620255f1af440/5187,https://www.horsovskytyn.cz/urad/uredni-deska/vodohospodarsky-svazek-obci-domazlicko-zaverecny-ucet-za-rok-2023-5187.html,Vodohospodářský svazek obcí Domažlicko - Závěrečný účet za rok 2023,2024-07-01T00:00:00+02:00,2024-07-01T00:00:00+02:00,2024-07-01,nespecifikovaný,MUHT 17669/2024,,Dlouhodobě zveřejněné dokumenty,https://www.horsovskytyn.cz/e_download.php?file=data%2Furedni_deska%2Fobsah4953_1.pdf&original=Z%C3%A1v%C4%9Bre%C4%8Dn%C3%BD_%C3%BA%C4%8Det_2023_VSOD_schv%C3%A1len%C3%BD_Zpr%C3%A1va_o_v%C3%BDsledku_p%C5%99ezkoum%C3%A1n%C3%AD_001.pdf
https://www.horsovskytyn.cz/ofn/úřední-deska/ofn620255f1af440/5174,https://www.horsovskytyn.cz/urad/uredni-deska/zaverecny-ucet-dso-lazce-za-rok-2023-5174.html,Závěrečný účet DSO Lazce za rok 2023,2024-06-19T00:00:00+02:00,2024-06-19T00:00:00+02:00,2024-06-19,nespecifikovaný,MUHT 16533/2024,,Dlouhodobě zveřejněné dokumenty,https://www.horsovskytyn.cz/e_download.php?file=data%2Furedni_deska%2Fobsah4940_1.pdf&original=Z%C3%A1v%C4%9Bre%C4%8Dn%C3%BD_%C3%BA%C4%8Det_za_rok_2023_001.pdf
https://www.horsovskytyn.cz/ofn/úřední-deska/ofn620255f1af440/5164,https://www.horsovskytyn.cz/urad/uredni-deska/svazek-domazlicko-schvaleny-zu-2023-5164.html,Svazek Domažlicko - Schválený ZÚ 2023,2024-06-13T00:00:00+02:00,2024-06-13T00:00:00+02:00,2024-06-13,2025-06-30,,,Svazek Domažlicko - Závěrečné účty a audity,https://www.horsovskytyn.cz/e_download.php?file=data%2Furedni_deska%2Fobsah5164_1.pdf&original=z%C3%A1v%C4%9Bre%C4%8Dn%C3%BD%20%C3%BA%C4%8Det%202023%20-%20schv%C3%A1len%C3%BD.pdf; https://www.horsovskytyn.cz/e_download.php?file=data%2Furedni_deska%2Fobsah5164_2.pdf&original=priloha_1360106597_0_DSO-Doma%C5%BElicko-Zpr%C3%A1va%20o%20v%C3%BDsledku%20p%C5%99ezkoum%C3%A1n%C3%AD%20hospoda%C5%99en%C3%AD2023%20-%20datov%C3%A1%20zpr%C3%A1va.pdf
https://www.horsovskytyn.cz/ofn/úřední-deska/ofn620255f1af440/5020,https://www.horsovskytyn.cz/urad/uredni-deska/zasady-a-pravidla-pro-poskytovani-dotaci-z-rozpoctu-mesta-horsovsky-tyn-5020.html,Zásady a pravidla pro poskytování dotací z rozpočtu Města Horšovský Týn,2024-01-16T00:00:00+01:00,2024-04-26T00:00:00+02:00,2024-04-26,nespecifikovaný,,,Poskytování dotací z rozpočtu města,https://www.horsovskytyn.cz/e_download.php?file=data%2Furedni_deska%2Fobsah2489_2.pdf&original=Pod%C3%A1v%C3%A1n%C3%AD%20%C5%BE%C3%A1dost%C3%AD%20o%20dotace%202025.pdf; https://www.horsovskytyn.cz/e_download.php?file=data%2Furedni_deska%2Fobsah2489_3.pdf&original=Z%C3%A1sady%20a%20pravidla%20pro%20poskytov%C3%A1n%C3%AD%20dotac%C3%AD%202024_1.pdf
https://www.horsovskytyn.cz/ofn/úřední-deska/ofn620255f1af440/5173,https://www.horsovskytyn.cz/urad/uredni-deska/svazek-domazlicko-smlouva-o-poskytnuti-dotace-5173.html,Svazek Domažlicko - Smlouva o poskytnutí dotace,2024-06-19T00:00:00+02:00,2024-06-19T00:00:00+02:00,2023-09-21,2026-09-20,,,Svazek Domažlicko - Veřejnoprávní smlouvy,https://www.horsovskytyn.cz/e_download.php?file=data%2Furedni_deska%2Fobsah5173_1.pdf&original=20240605163604567.pdf
https://www.horsovskytyn.cz/ofn/úřední-deska/ofn620255f1af440/5151,https://www.horsovskytyn.cz/urad/uredni-deska/svazek-domazlicko-verejnopravni-smlouva-o-poskytnuti-dotace-c-28982023-5151.html,Svazek Domažlicko - Veřejnoprávní smlouva o poskytnutí dotace č. 28982023,2024-05-30T00:00:00+02:00,2024-05-30T00:00:00+02:00,2023-07-31,2026-07-30,,,Svazek Domažlicko - Veřejnoprávní smlouvy,https://www.horsovskytyn.cz/e_download.php?file=data%2Furedni_deska%2Fobsah5151_1.pdf&original=priloha_1210283477_0_Smlouva_o_dotaci_Svazek_obci_Doma%C5%BElicko_2023_final%20%28002%29.pdf
https://www.horsovskytyn.cz/ofn/úřední-deska/ofn620255f1af440/3996,https://www.horsovskytyn.cz/urad/uredni-deska/informace-o-provozu-podatelny-3996.html,Informace o provozu podatelny,2021-09-20T00:00:00+02:00,2024-03-07T00:00:00+01:00,2021-09-20,nespecifikovaný,MUHT 15759/2021,,Dlouhodobě zveřejněné dokumenty,https://www.horsovskytyn.cz/e_download.php?file=data%2Furedni_deska%2Fobsah3804_1.pdf&original=Informace%20o%20provozu%20podatelny%202.pdf
https://www.horsovskytyn.cz/ofn/úřední-deska/ofn620255f1af440/3926,https://www.horsovskytyn.cz/urad/uredni-deska/oznameni-o-zameru-mesta-prodat-casti-pozemku-v-katastralnim-uzemi-horsov-casti-pozemku-parc-c-1586-15-1586-16-1587-1-3926.html,"Oznámení o záměru města prodat části pozemků v katastrálním území Horšov části pozemků parc. č. 1586/15, 1586/16, 1587/1",2021-07-16T00:00:00+02:00,2021-07-16T00:00:00+02:00,2021-07-15,nespecifikovaný,MUHT 10783/2021,,Dokumenty z Odboru majetku a investic města,https://www.horsovskytyn.cz/e_download.php?file=data%2Furedni_deska%2Fobsah3735_10.pdf&original=z%C3%A1m%C4%9Br%20m%C4%9Bsta-prodej%20pozemku%20Hor%C5%A1ov.pdf; https://www.horsovskytyn.cz/e_download.php?file=data%2Furedni_deska%2Fobsah3735_12.pdf&original=Situace%20s%20um%C3%ADst%C4%9Bn%C3%ADm%20pozemk%C5%AF%20ur%C4%8Den%C3%BDch%20k%20prodeji%20k%C3%BA.Hor%C5%A1ov.pdf; https://www.horsovskytyn.cz/e_download.php?file=data%2Furedni_deska%2Fobsah3735_15.pdf&original=P%C5%99%C3%ADloha%201%20-%20Vzor%20-%20%C5%BD%C3%A1dost%20o%20odkoupen%C3%AD%20pozemku%20obecn%C4%9B.pdf; https://www.horsovskytyn.cz/e_download.php?file=data%2Furedni_deska%2Fobsah3735_1.odt&original=P%C5%99%C3%ADloha%201%20-%20Vzor%20-%20%C5%BD%C3%A1dost%20o%20odkoupen%C3%AD%20pozemku%20obecn%C4%9B.odt; https://www.horsovskytyn.cz/e_download.php?file=data%2Furedni_deska%2Fobsah3735_16.pdf&original=P%C5%99%C3%ADloha%202%20-%20Vzor%20-%20%C4%8Cestn%C3%A9%20prohl%C3%A1%C5%A1en%C3%AD%20-%20bezdlu%C5%BEnost.pdf; https://www.horsovskytyn.cz/e_download.php?file=data%2Furedni_deska%2Fobsah3735_2.odt&original=P%C5%99%C3%ADloha%202%20-%20Vzor%20-%20%C4%8Cestn%C3%A9%20prohl%C3%A1%C5%A1en%C3%AD%20-%20bezdlu%C5%BEnost.odt
https://www.horsovskytyn.cz/ofn/úřední-deska/ofn620255f1af440/3256,https://www.horsovskytyn.cz/urad/uredni-deska/informace-o-uzavrenych-verejnopravnich-smlouvach-a-jejich-predmetu-k-09042025-3256.html,Informace o uzavřených veřejnoprávních smlouvách a jejich předmětu k 09.04.2025,2019-12-16T00:00:00+01:00,2022-05-23T00:00:00+02:00,2019-12-16,nespecifikovaný,,,Dlouhodobě zveřejněné dokumenty,https://www.horsovskytyn.cz/e_download.php?file=data%2Furedni_deska%2Fobsah3082_1.pdf&original=P%C5%99ehled%20uzav%C5%99en%C3%BDch%20ve%C5%99ejnopr%C3%A1vn%C3%ADch%20smluv%20s%20obcemi%20spr%C3%A1vn%C3%ADho%20obvodu%20ORP%20Hor%C5%A1ovsk%C3%BD%20T%C3%BDn.pdf
https://www.horsovskytyn.cz/ofn/úřední-deska/ofn620255f1af440/2539,https://www.horsovskytyn.cz/urad/uredni-deska/oznameni-o-zverejneni-rozpoctu-a-rozpoctoveho-vyhledu-mesta-horsovsky-tyn-2539.html,Oznámení o zveřejnění rozpočtu a rozpočtového výhledu města Horšovský Týn,2018-03-01T00:00:00+01:00,2018-06-08T00:00:00+02:00,2018-03-01,nespecifikovaný,,,Dlouhodobě zveřejněné dokumenty,https://www.horsovskytyn.cz/e_download.php?file=data%2Furedni_deska%2Fobsah2395_25.pdf&original=Rozp.%20v%C3%BDhled.pdf
